"Timestamp","Cluster","Node","CPU","SoC"
"2022-08-11T15:02:08.319","3","kubernetes-control-plane","0.0",""
"2022-08-11T15:02:08.320","3","kubernetes-worker1","0.0",""
"2022-08-11T15:02:08.321","3","kubernetes-worker2","0.0",""
"2022-08-11T15:02:08.321","3","kubernetes-worker3","0.0",""
"2022-08-11T15:02:08.322","3","kubernetes-control-plane","950.0",""
"2022-08-11T15:02:08.323","3","kubernetes-worker1","100.0",""
"2022-08-11T15:02:08.323","3","kubernetes-worker2","100.0",""
"2022-08-11T15:02:08.323","3","kubernetes-worker3","100.0",""
"2022-08-11T15:02:08.324","3","kubernetes-control-plane","950.0",""
"2022-08-11T15:02:08.325","3","kubernetes-worker1","100.0",""
"2022-08-11T15:02:08.325","3","kubernetes-worker2","100.0",""
"2022-08-11T15:02:08.326","3","kubernetes-worker3","100.0",""
"2022-08-11T15:02:08.326","3","kubernetes-control-plane","950.0",""
"2022-08-11T15:02:08.326","3","kubernetes-worker1","100.0",""
"2022-08-11T15:02:08.327","3","kubernetes-worker2","100.0",""
"2022-08-11T15:02:08.328","3","kubernetes-worker3","100.0",""
"2022-08-11T15:02:08.329","3","kubernetes-control-plane","950.0",""
"2022-08-11T15:02:08.329","3","kubernetes-worker1","100.0",""
"2022-08-11T15:02:08.330","3","kubernetes-worker2","100.0",""
"2022-08-11T15:02:08.330","3","kubernetes-worker3","100.0",""
"2022-08-11T15:02:08.331","3","kubernetes-control-plane","950.0",""
"2022-08-11T15:02:08.331","3","kubernetes-worker1","100.0",""
"2022-08-11T15:02:08.332","3","kubernetes-worker2","100.0",""
"2022-08-11T15:02:08.332","3","kubernetes-worker3","100.0",""
"2022-08-11T15:02:08.332","3","kubernetes-control-plane","950.0",""
"2022-08-11T15:02:08.333","3","kubernetes-worker1","100.0",""
"2022-08-11T15:02:08.333","3","kubernetes-worker2","100.0",""
"2022-08-11T15:02:08.334","3","kubernetes-worker3","100.0",""
"2022-08-11T15:02:08.334","3","kubernetes-control-plane","950.0",""
"2022-08-11T15:02:08.335","3","kubernetes-worker1","100.0",""
"2022-08-11T15:02:08.335","3","kubernetes-worker2","100.0",""
"2022-08-11T15:02:08.336","3","kubernetes-worker3","100.0",""
"2022-08-11T15:02:08.336","3","kubernetes-control-plane","950.0",""
"2022-08-11T15:02:08.337","3","kubernetes-worker1","100.0",""
"2022-08-11T15:02:08.337","3","kubernetes-worker2","100.0",""
"2022-08-11T15:02:08.338","3","kubernetes-worker3","100.0",""
"2022-08-11T15:02:08.339","3","kubernetes-control-plane","950.0",""
"2022-08-11T15:02:08.340","3","kubernetes-worker1","100.0",""
"2022-08-11T15:02:08.341","3","kubernetes-worker2","100.0",""
"2022-08-11T15:02:08.341","3","kubernetes-worker3","100.0",""
"2022-08-11T15:02:08.342","3","kubernetes-control-plane","950.0",""
"2022-08-11T15:02:08.343","3","kubernetes-worker1","100.0",""
"2022-08-11T15:02:08.343","3","kubernetes-worker2","100.0",""
"2022-08-11T15:02:08.344","3","kubernetes-worker3","100.0",""
"2022-08-11T15:02:08.345","3","kubernetes-control-plane","950.0",""
"2022-08-11T15:02:08.345","3","kubernetes-worker1","100.0",""
"2022-08-11T15:02:08.346","3","kubernetes-worker2","100.0",""
"2022-08-11T15:02:08.346","3","kubernetes-worker3","100.0",""
"2022-08-11T15:02:08.347","3","kubernetes-control-plane","950.0",""
"2022-08-11T15:02:08.347","3","kubernetes-worker1","100.0",""
"2022-08-11T15:02:08.348","3","kubernetes-worker2","100.0",""
"2022-08-11T15:02:08.348","3","kubernetes-worker3","100.0",""
"2022-08-11T15:02:08.349","3","kubernetes-control-plane","950.0",""
"2022-08-11T15:02:08.349","3","kubernetes-worker1","100.0",""
"2022-08-11T15:02:08.350","3","kubernetes-worker2","100.0",""
"2022-08-11T15:02:08.350","3","kubernetes-worker3","100.0",""
"2022-08-11T15:02:08.351","3","kubernetes-control-plane","950.0",""
"2022-08-11T15:02:08.351","3","kubernetes-worker1","100.0",""
"2022-08-11T15:02:08.352","3","kubernetes-worker2","100.0",""
"2022-08-11T15:02:08.352","3","kubernetes-worker3","100.0",""
"2022-08-11T15:02:08.353","3","kubernetes-control-plane","950.0",""
"2022-08-11T15:02:08.353","3","kubernetes-worker1","100.0",""
"2022-08-11T15:02:08.354","3","kubernetes-worker2","100.0",""
"2022-08-11T15:02:08.355","3","kubernetes-worker3","100.0",""
"2022-08-11T15:02:08.355","3","kubernetes-control-plane","950.0",""
"2022-08-11T15:02:08.356","3","kubernetes-worker1","100.0",""
"2022-08-11T15:02:08.356","3","kubernetes-worker2","100.0",""
"2022-08-11T15:02:08.357","3","kubernetes-worker3","100.0",""
"2022-08-11T15:02:08.357","3","kubernetes-control-plane","950.0",""
"2022-08-11T15:02:08.358","3","kubernetes-worker1","100.0",""
"2022-08-11T15:02:08.358","3","kubernetes-worker2","100.0",""
"2022-08-11T15:02:08.359","3","kubernetes-worker3","100.0",""
"2022-08-11T15:02:08.359","3","kubernetes-control-plane","950.0",""
"2022-08-11T15:02:08.359","3","kubernetes-worker1","100.0",""
"2022-08-11T15:02:08.360","3","kubernetes-worker2","100.0",""
"2022-08-11T15:02:08.361","3","kubernetes-worker3","100.0",""
"2022-08-11T15:02:08.361","3","kubernetes-control-plane","950.0",""
"2022-08-11T15:02:08.362","3","kubernetes-worker1","100.0",""
"2022-08-11T15:02:08.362","3","kubernetes-worker2","100.0",""
"2022-08-11T15:02:08.363","3","kubernetes-worker3","100.0",""
"2022-08-11T15:02:08.363","3","kubernetes-control-plane","950.0",""
"2022-08-11T15:02:08.364","3","kubernetes-worker1","100.0",""
"2022-08-11T15:02:08.365","3","kubernetes-worker2","100.0",""
"2022-08-11T15:02:08.365","3","kubernetes-worker3","100.0",""
"2022-08-11T15:02:08.366","3","kubernetes-control-plane","950.0",""
"2022-08-11T15:02:08.366","3","kubernetes-worker1","100.0",""
"2022-08-11T15:02:08.367","3","kubernetes-worker2","100.0",""
"2022-08-11T15:02:08.367","3","kubernetes-worker3","100.0",""
"2022-08-11T15:02:08.367","3","kubernetes-control-plane","950.0",""
"2022-08-11T15:02:08.368","3","kubernetes-worker1","100.0",""
"2022-08-11T15:02:08.368","3","kubernetes-worker2","100.0",""
"2022-08-11T15:02:08.369","3","kubernetes-worker3","100.0",""
"2022-08-11T15:02:08.369","3","kubernetes-control-plane","950.0",""
"2022-08-11T15:02:08.370","3","kubernetes-worker1","100.0",""
"2022-08-11T15:02:08.370","3","kubernetes-worker2","100.0",""
"2022-08-11T15:02:08.371","3","kubernetes-worker3","100.0",""
"2022-08-11T15:02:08.371","3","kubernetes-control-plane","950.0",""
"2022-08-11T15:02:08.371","3","kubernetes-worker1","100.0",""
"2022-08-11T15:02:08.372","3","kubernetes-worker2","100.0",""
"2022-08-11T15:02:08.372","3","kubernetes-worker3","100.0",""
"2022-08-11T15:02:08.373","3","kubernetes-control-plane","950.0",""
"2022-08-11T15:02:08.373","3","kubernetes-worker1","100.0",""
"2022-08-11T15:02:08.374","3","kubernetes-worker2","100.0",""
"2022-08-11T15:02:08.374","3","kubernetes-worker3","100.0",""
"2022-08-11T15:02:08.374","3","kubernetes-control-plane","950.0",""
"2022-08-11T15:02:08.375","3","kubernetes-worker1","100.0",""
"2022-08-11T15:02:08.376","3","kubernetes-worker2","100.0",""
"2022-08-11T15:02:08.376","3","kubernetes-worker3","100.0",""
"2022-08-11T15:02:08.376","3","kubernetes-control-plane","950.0",""
"2022-08-11T15:02:08.377","3","kubernetes-worker1","100.0",""
"2022-08-11T15:02:08.377","3","kubernetes-worker2","100.0",""
"2022-08-11T15:02:08.378","3","kubernetes-worker3","100.0",""
"2022-08-11T15:02:08.378","3","kubernetes-control-plane","950.0",""
"2022-08-11T15:02:08.379","3","kubernetes-worker1","100.0",""
"2022-08-11T15:02:08.379","3","kubernetes-worker2","100.0",""
"2022-08-11T15:02:08.380","3","kubernetes-worker3","100.0",""
"2022-08-11T15:02:08.380","3","kubernetes-control-plane","950.0",""
"2022-08-11T15:02:08.381","3","kubernetes-worker1","100.0",""
"2022-08-11T15:02:08.381","3","kubernetes-worker2","100.0",""
"2022-08-11T15:02:08.382","3","kubernetes-worker3","100.0",""
"2022-08-11T15:02:08.382","3","kubernetes-control-plane","950.0",""
"2022-08-11T15:02:08.384","3","kubernetes-worker1","100.0",""
"2022-08-11T15:02:08.384","3","kubernetes-worker2","100.0",""
"2022-08-11T15:02:08.385","3","kubernetes-worker3","100.0",""
"2022-08-11T15:02:08.385","3","kubernetes-control-plane","950.0",""
"2022-08-11T15:02:08.385","3","kubernetes-worker1","100.0",""
"2022-08-11T15:02:08.386","3","kubernetes-worker2","100.0",""
"2022-08-11T15:02:08.386","3","kubernetes-worker3","100.0",""
"2022-08-11T15:02:08.387","3","kubernetes-control-plane","950.0",""
"2022-08-11T15:02:08.387","3","kubernetes-worker1","100.0",""
"2022-08-11T15:02:08.388","3","kubernetes-worker2","100.0",""
"2022-08-11T15:02:08.388","3","kubernetes-worker3","100.0",""
"2022-08-11T15:02:08.389","3","kubernetes-control-plane","950.0",""
"2022-08-11T15:02:08.389","3","kubernetes-worker1","100.0",""
"2022-08-11T15:02:08.390","3","kubernetes-worker2","100.0",""
"2022-08-11T15:02:08.390","3","kubernetes-worker3","100.0",""
"2022-08-11T15:02:08.390","3","kubernetes-control-plane","950.0",""
"2022-08-11T15:02:08.391","3","kubernetes-worker1","100.0",""
"2022-08-11T15:02:08.391","3","kubernetes-worker2","100.0",""
"2022-08-11T15:02:08.392","3","kubernetes-worker3","100.0",""
"2022-08-11T15:02:08.392","3","kubernetes-control-plane","950.0",""
"2022-08-11T15:02:08.393","3","kubernetes-worker1","100.0",""
"2022-08-11T15:02:08.393","3","kubernetes-worker2","100.0",""
"2022-08-11T15:02:08.393","3","kubernetes-worker3","100.0",""
"2022-08-11T15:02:08.394","3","kubernetes-control-plane","950.0",""
"2022-08-11T15:02:08.394","3","kubernetes-worker1","100.0",""
"2022-08-11T15:02:08.395","3","kubernetes-worker2","100.0",""
"2022-08-11T15:02:08.395","3","kubernetes-worker3","100.0",""
"2022-08-11T15:02:08.396","3","kubernetes-control-plane","950.0",""
"2022-08-11T15:02:08.396","3","kubernetes-worker1","100.0",""
"2022-08-11T15:02:08.397","3","kubernetes-worker2","100.0",""
"2022-08-11T15:02:08.397","3","kubernetes-worker3","100.0",""
"2022-08-11T15:02:08.397","3","kubernetes-control-plane","950.0",""
"2022-08-11T15:02:08.398","3","kubernetes-worker1","100.0",""
"2022-08-11T15:02:08.398","3","kubernetes-worker2","100.0",""
"2022-08-11T15:02:08.399","3","kubernetes-worker3","100.0",""
"2022-08-11T15:02:08.399","3","kubernetes-control-plane","950.0",""
"2022-08-11T15:02:08.399","3","kubernetes-worker1","100.0",""
"2022-08-11T15:02:08.400","3","kubernetes-worker2","100.0",""
"2022-08-11T15:02:08.401","3","kubernetes-worker3","100.0",""
"2022-08-11T15:02:08.401","3","kubernetes-control-plane","950.0",""
"2022-08-11T15:02:08.402","3","kubernetes-worker1","100.0",""
"2022-08-11T15:02:08.402","3","kubernetes-worker2","100.0",""
"2022-08-11T15:02:08.402","3","kubernetes-worker3","100.0",""
"2022-08-11T15:02:08.403","3","kubernetes-control-plane","950.0",""
"2022-08-11T15:02:08.403","3","kubernetes-worker1","100.0",""
"2022-08-11T15:02:08.404","3","kubernetes-worker2","100.0",""
"2022-08-11T15:02:08.404","3","kubernetes-worker3","100.0",""
"2022-08-11T15:02:08.405","3","kubernetes-control-plane","950.0",""
"2022-08-11T15:02:08.405","3","kubernetes-worker1","100.0",""
"2022-08-11T15:02:08.406","3","kubernetes-worker2","100.0",""
"2022-08-11T15:02:08.406","3","kubernetes-worker3","100.0",""
"2022-08-11T15:02:08.406","3","kubernetes-control-plane","950.0",""
"2022-08-11T15:02:08.407","3","kubernetes-worker1","100.0",""
"2022-08-11T15:02:08.408","3","kubernetes-worker2","100.0",""
"2022-08-11T15:02:08.408","3","kubernetes-worker3","100.0",""
"2022-08-11T15:02:08.408","3","kubernetes-control-plane","950.0",""
"2022-08-11T15:02:08.409","3","kubernetes-worker1","100.0",""
"2022-08-11T15:02:08.409","3","kubernetes-worker2","100.0",""
"2022-08-11T15:02:08.410","3","kubernetes-worker3","100.0",""
"2022-08-11T15:02:08.410","3","kubernetes-control-plane","950.0",""
"2022-08-11T15:02:08.411","3","kubernetes-worker1","100.0",""
"2022-08-11T15:02:08.411","3","kubernetes-worker2","100.0",""
"2022-08-11T15:02:08.412","3","kubernetes-worker3","100.0",""
"2022-08-11T15:02:08.412","3","kubernetes-control-plane","950.0",""
"2022-08-11T15:02:08.412","3","kubernetes-worker1","100.0",""
"2022-08-11T15:02:08.413","3","kubernetes-worker2","100.0",""
"2022-08-11T15:02:08.414","3","kubernetes-worker3","100.0",""
"2022-08-11T15:02:08.414","3","kubernetes-control-plane","950.0",""
"2022-08-11T15:02:08.415","3","kubernetes-worker1","100.0",""
"2022-08-11T15:02:08.415","3","kubernetes-worker2","100.0",""
"2022-08-11T15:02:08.416","3","kubernetes-worker3","100.0",""
"2022-08-11T15:02:08.416","3","kubernetes-control-plane","950.0",""
"2022-08-11T15:02:08.417","3","kubernetes-worker1","100.0",""
"2022-08-11T15:02:08.417","3","kubernetes-worker2","100.0",""
"2022-08-11T15:02:08.417","3","kubernetes-worker3","100.0",""
"2022-08-11T15:02:08.418","3","kubernetes-control-plane","950.0",""
"2022-08-11T15:02:08.419","3","kubernetes-worker1","100.0",""
"2022-08-11T15:02:08.419","3","kubernetes-worker2","100.0",""
"2022-08-11T15:02:08.419","3","kubernetes-worker3","100.0",""
"2022-08-11T15:02:08.420","3","kubernetes-control-plane","950.0",""
"2022-08-11T15:02:08.421","3","kubernetes-worker1","100.0",""
"2022-08-11T15:02:08.421","3","kubernetes-worker2","100.0",""
"2022-08-11T15:02:08.422","3","kubernetes-worker3","100.0",""
"2022-08-11T15:02:08.422","3","kubernetes-control-plane","950.0",""
"2022-08-11T15:02:08.423","3","kubernetes-worker1","100.0",""
"2022-08-11T15:02:08.423","3","kubernetes-worker2","100.0",""
"2022-08-11T15:02:08.424","3","kubernetes-worker3","100.0",""
"2022-08-11T15:02:08.424","3","kubernetes-control-plane","950.0",""
"2022-08-11T15:02:08.425","3","kubernetes-worker1","100.0",""
"2022-08-11T15:02:08.425","3","kubernetes-worker2","100.0",""
"2022-08-11T15:02:08.425","3","kubernetes-worker3","100.0",""
"2022-08-11T15:02:08.426","3","kubernetes-control-plane","950.0",""
"2022-08-11T15:02:08.426","3","kubernetes-worker1","100.0",""
"2022-08-11T15:02:08.427","3","kubernetes-worker2","100.0",""
"2022-08-11T15:02:08.427","3","kubernetes-worker3","100.0",""
"2022-08-11T15:02:11.298","2","kubernetes-control-plane","0.0",""
"2022-08-11T15:02:11.303","2","kubernetes-worker1","0.0",""
"2022-08-11T15:02:11.304","2","kubernetes-worker2","0.0",""
"2022-08-11T15:02:11.305","2","kubernetes-worker3","0.0",""
"2022-08-11T15:02:11.306","2","kubernetes-control-plane","950.0",""
"2022-08-11T15:02:11.308","2","kubernetes-worker1","100.0",""
"2022-08-11T15:02:11.308","2","kubernetes-worker2","100.0",""
"2022-08-11T15:02:11.309","2","kubernetes-worker3","100.0",""
"2022-08-11T15:02:11.310","2","kubernetes-control-plane","950.0",""
"2022-08-11T15:02:11.310","2","kubernetes-worker1","100.0",""
"2022-08-11T15:02:11.311","2","kubernetes-worker2","100.0",""
"2022-08-11T15:02:11.312","2","kubernetes-worker3","100.0",""
"2022-08-11T15:02:11.313","2","kubernetes-control-plane","950.0",""
"2022-08-11T15:02:11.313","2","kubernetes-worker1","100.0",""
"2022-08-11T15:02:11.314","2","kubernetes-worker2","100.0",""
"2022-08-11T15:02:11.315","2","kubernetes-worker3","100.0",""
"2022-08-11T15:02:11.315","2","kubernetes-control-plane","950.0",""
"2022-08-11T15:02:11.316","2","kubernetes-worker1","100.0",""
"2022-08-11T15:02:11.316","2","kubernetes-worker2","100.0",""
"2022-08-11T15:02:11.318","2","kubernetes-worker3","100.0",""
"2022-08-11T15:02:11.319","2","kubernetes-control-plane","950.0",""
"2022-08-11T15:02:11.319","2","kubernetes-worker1","100.0",""
"2022-08-11T15:02:11.320","2","kubernetes-worker2","100.0",""
"2022-08-11T15:02:11.322","2","kubernetes-worker3","100.0",""
"2022-08-11T15:02:11.323","2","kubernetes-control-plane","950.0",""
"2022-08-11T15:02:11.323","2","kubernetes-worker1","100.0",""
"2022-08-11T15:02:11.324","2","kubernetes-worker2","100.0",""
"2022-08-11T15:02:11.326","2","kubernetes-worker3","100.0",""
"2022-08-11T15:02:11.327","2","kubernetes-control-plane","950.0",""
"2022-08-11T15:02:11.328","2","kubernetes-worker1","100.0",""
"2022-08-11T15:02:11.329","2","kubernetes-worker2","100.0",""
"2022-08-11T15:02:11.329","2","kubernetes-worker3","100.0",""
"2022-08-11T15:02:11.338","2","kubernetes-control-plane","950.0",""
"2022-08-11T15:02:11.338","2","kubernetes-worker1","100.0",""
"2022-08-11T15:02:11.339","2","kubernetes-worker2","100.0",""
"2022-08-11T15:02:11.347","2","kubernetes-worker3","100.0",""
"2022-08-11T15:02:11.348","2","kubernetes-control-plane","950.0",""
"2022-08-11T15:02:11.360","2","kubernetes-worker1","100.0",""
"2022-08-11T15:02:11.361","2","kubernetes-worker2","100.0",""
"2022-08-11T15:02:11.362","2","kubernetes-worker3","100.0",""
"2022-08-11T15:02:11.362","2","kubernetes-control-plane","950.0",""
"2022-08-11T15:02:11.363","2","kubernetes-worker1","100.0",""
"2022-08-11T15:02:11.363","2","kubernetes-worker2","100.0",""
"2022-08-11T15:02:11.364","2","kubernetes-worker3","100.0",""
"2022-08-11T15:02:11.364","2","kubernetes-control-plane","950.0",""
"2022-08-11T15:02:11.364","2","kubernetes-worker1","100.0",""
"2022-08-11T15:02:11.364","2","kubernetes-worker2","100.0",""
"2022-08-11T15:02:11.365","2","kubernetes-worker3","100.0",""
"2022-08-11T15:02:11.365","2","kubernetes-control-plane","950.0",""
"2022-08-11T15:02:11.365","2","kubernetes-worker1","100.0",""
"2022-08-11T15:02:11.366","2","kubernetes-worker2","100.0",""
"2022-08-11T15:02:11.366","2","kubernetes-worker3","100.0",""
"2022-08-11T15:02:11.366","2","kubernetes-control-plane","950.0",""
"2022-08-11T15:02:11.367","2","kubernetes-worker1","100.0",""
"2022-08-11T15:02:11.367","2","kubernetes-worker2","100.0",""
"2022-08-11T15:02:11.367","2","kubernetes-worker3","100.0",""
"2022-08-11T15:02:11.368","2","kubernetes-control-plane","950.0",""
"2022-08-11T15:02:11.368","2","kubernetes-worker1","100.0",""
"2022-08-11T15:02:11.368","2","kubernetes-worker2","100.0",""
"2022-08-11T15:02:11.369","2","kubernetes-worker3","100.0",""
"2022-08-11T15:02:11.369","2","kubernetes-control-plane","950.0",""
"2022-08-11T15:02:11.369","2","kubernetes-worker1","100.0",""
"2022-08-11T15:02:11.370","2","kubernetes-worker2","100.0",""
"2022-08-11T15:02:11.370","2","kubernetes-worker3","100.0",""
"2022-08-11T15:02:11.370","2","kubernetes-control-plane","950.0",""
"2022-08-11T15:02:11.370","2","kubernetes-worker1","100.0",""
"2022-08-11T15:02:11.371","2","kubernetes-worker2","100.0",""
"2022-08-11T15:02:11.371","2","kubernetes-worker3","100.0",""
"2022-08-11T15:02:11.371","2","kubernetes-control-plane","950.0",""
"2022-08-11T15:02:11.372","2","kubernetes-worker1","100.0",""
"2022-08-11T15:02:11.372","2","kubernetes-worker2","100.0",""
"2022-08-11T15:02:11.372","2","kubernetes-worker3","100.0",""
"2022-08-11T15:02:11.372","2","kubernetes-control-plane","950.0",""
"2022-08-11T15:02:11.373","2","kubernetes-worker1","100.0",""
"2022-08-11T15:02:11.373","2","kubernetes-worker2","100.0",""
"2022-08-11T15:02:11.373","2","kubernetes-worker3","100.0",""
"2022-08-11T15:02:11.373","2","kubernetes-control-plane","950.0",""
"2022-08-11T15:02:11.374","2","kubernetes-worker1","100.0",""
"2022-08-11T15:02:11.374","2","kubernetes-worker2","100.0",""
"2022-08-11T15:02:11.374","2","kubernetes-worker3","100.0",""
"2022-08-11T15:02:11.374","2","kubernetes-control-plane","950.0",""
"2022-08-11T15:02:11.375","2","kubernetes-worker1","100.0",""
"2022-08-11T15:02:11.375","2","kubernetes-worker2","100.0",""
"2022-08-11T15:02:11.375","2","kubernetes-worker3","100.0",""
"2022-08-11T15:02:11.375","2","kubernetes-control-plane","950.0",""
"2022-08-11T15:02:11.376","2","kubernetes-worker1","100.0",""
"2022-08-11T15:02:11.376","2","kubernetes-worker2","100.0",""
"2022-08-11T15:02:11.376","2","kubernetes-worker3","100.0",""
"2022-08-11T15:02:11.377","2","kubernetes-control-plane","950.0",""
"2022-08-11T15:02:11.377","2","kubernetes-worker1","100.0",""
"2022-08-11T15:02:11.377","2","kubernetes-worker2","100.0",""
"2022-08-11T15:02:11.378","2","kubernetes-worker3","100.0",""
"2022-08-11T15:02:11.378","2","kubernetes-control-plane","950.0",""
"2022-08-11T15:02:11.378","2","kubernetes-worker1","100.0",""
"2022-08-11T15:02:11.378","2","kubernetes-worker2","100.0",""
"2022-08-11T15:02:11.379","2","kubernetes-worker3","100.0",""
"2022-08-11T15:02:11.379","2","kubernetes-control-plane","950.0",""
"2022-08-11T15:02:11.379","2","kubernetes-worker1","100.0",""
"2022-08-11T15:02:11.380","2","kubernetes-worker2","100.0",""
"2022-08-11T15:02:11.380","2","kubernetes-worker3","100.0",""
"2022-08-11T15:02:11.380","2","kubernetes-control-plane","950.0",""
"2022-08-11T15:02:11.380","2","kubernetes-worker1","100.0",""
"2022-08-11T15:02:11.381","2","kubernetes-worker2","100.0",""
"2022-08-11T15:02:11.381","2","kubernetes-worker3","100.0",""
"2022-08-11T15:02:11.381","2","kubernetes-control-plane","950.0",""
"2022-08-11T15:02:11.381","2","kubernetes-worker1","100.0",""
"2022-08-11T15:02:11.382","2","kubernetes-worker2","100.0",""
"2022-08-11T15:02:11.382","2","kubernetes-worker3","100.0",""
"2022-08-11T15:02:11.382","2","kubernetes-control-plane","950.0",""
"2022-08-11T15:02:11.382","2","kubernetes-worker1","100.0",""
"2022-08-11T15:02:11.383","2","kubernetes-worker2","100.0",""
"2022-08-11T15:02:11.383","2","kubernetes-worker3","100.0",""
"2022-08-11T15:02:11.383","2","kubernetes-control-plane","950.0",""
"2022-08-11T15:02:11.383","2","kubernetes-worker1","100.0",""
"2022-08-11T15:02:11.384","2","kubernetes-worker2","100.0",""
"2022-08-11T15:02:11.384","2","kubernetes-worker3","100.0",""
"2022-08-11T15:02:11.384","2","kubernetes-control-plane","950.0",""
"2022-08-11T15:02:11.384","2","kubernetes-worker1","100.0",""
"2022-08-11T15:02:11.385","2","kubernetes-worker2","100.0",""
"2022-08-11T15:02:11.385","2","kubernetes-worker3","100.0",""
"2022-08-11T15:02:11.385","2","kubernetes-control-plane","950.0",""
"2022-08-11T15:02:11.385","2","kubernetes-worker1","100.0",""
"2022-08-11T15:02:11.386","2","kubernetes-worker2","100.0",""
"2022-08-11T15:02:11.386","2","kubernetes-worker3","100.0",""
"2022-08-11T15:02:11.386","2","kubernetes-control-plane","950.0",""
"2022-08-11T15:02:11.387","2","kubernetes-worker1","100.0",""
"2022-08-11T15:02:11.387","2","kubernetes-worker2","100.0",""
"2022-08-11T15:02:11.387","2","kubernetes-worker3","100.0",""
"2022-08-11T15:02:11.387","2","kubernetes-control-plane","950.0",""
"2022-08-11T15:02:11.388","2","kubernetes-worker1","100.0",""
"2022-08-11T15:02:11.388","2","kubernetes-worker2","100.0",""
"2022-08-11T15:02:11.388","2","kubernetes-worker3","100.0",""
"2022-08-11T15:02:11.388","2","kubernetes-control-plane","950.0",""
"2022-08-11T15:02:11.389","2","kubernetes-worker1","100.0",""
"2022-08-11T15:02:11.389","2","kubernetes-worker2","100.0",""
"2022-08-11T15:02:11.389","2","kubernetes-worker3","100.0",""
"2022-08-11T15:02:11.389","2","kubernetes-control-plane","950.0",""
"2022-08-11T15:02:11.390","2","kubernetes-worker1","100.0",""
"2022-08-11T15:02:11.390","2","kubernetes-worker2","100.0",""
"2022-08-11T15:02:11.390","2","kubernetes-worker3","100.0",""
"2022-08-11T15:02:11.390","2","kubernetes-control-plane","950.0",""
"2022-08-11T15:02:11.391","2","kubernetes-worker1","100.0",""
"2022-08-11T15:02:11.391","2","kubernetes-worker2","100.0",""
"2022-08-11T15:02:11.391","2","kubernetes-worker3","100.0",""
"2022-08-11T15:02:11.392","2","kubernetes-control-plane","950.0",""
"2022-08-11T15:02:11.392","2","kubernetes-worker1","100.0",""
"2022-08-11T15:02:11.392","2","kubernetes-worker2","100.0",""
"2022-08-11T15:02:11.392","2","kubernetes-worker3","100.0",""
"2022-08-11T15:02:11.392","2","kubernetes-control-plane","950.0",""
"2022-08-11T15:02:11.393","2","kubernetes-worker1","100.0",""
"2022-08-11T15:02:11.393","2","kubernetes-worker2","100.0",""
"2022-08-11T15:02:11.393","2","kubernetes-worker3","100.0",""
"2022-08-11T15:02:11.393","2","kubernetes-control-plane","950.0",""
"2022-08-11T15:02:11.394","2","kubernetes-worker1","100.0",""
"2022-08-11T15:02:11.394","2","kubernetes-worker2","100.0",""
"2022-08-11T15:02:11.395","2","kubernetes-worker3","100.0",""
"2022-08-11T15:02:11.395","2","kubernetes-control-plane","950.0",""
"2022-08-11T15:02:11.395","2","kubernetes-worker1","100.0",""
"2022-08-11T15:02:11.396","2","kubernetes-worker2","100.0",""
"2022-08-11T15:02:11.396","2","kubernetes-worker3","100.0",""
"2022-08-11T15:02:11.396","2","kubernetes-control-plane","950.0",""
"2022-08-11T15:02:11.400","2","kubernetes-worker1","100.0",""
"2022-08-11T15:02:11.401","2","kubernetes-worker2","100.0",""
"2022-08-11T15:02:11.401","2","kubernetes-worker3","100.0",""
"2022-08-11T15:02:11.403","2","kubernetes-control-plane","950.0",""
"2022-08-11T15:02:11.403","2","kubernetes-worker1","100.0",""
"2022-08-11T15:02:11.404","2","kubernetes-worker2","100.0",""
"2022-08-11T15:02:11.404","2","kubernetes-worker3","100.0",""
"2022-08-11T15:02:11.404","2","kubernetes-control-plane","950.0",""
"2022-08-11T15:02:11.405","2","kubernetes-worker1","100.0",""
"2022-08-11T15:02:11.405","2","kubernetes-worker2","100.0",""
"2022-08-11T15:02:11.405","2","kubernetes-worker3","100.0",""
"2022-08-11T15:02:11.406","2","kubernetes-control-plane","950.0",""
"2022-08-11T15:02:11.406","2","kubernetes-worker1","100.0",""
"2022-08-11T15:02:11.406","2","kubernetes-worker2","100.0",""
"2022-08-11T15:02:11.407","2","kubernetes-worker3","100.0",""
"2022-08-11T15:02:11.407","2","kubernetes-control-plane","950.0",""
"2022-08-11T15:02:11.407","2","kubernetes-worker1","100.0",""
"2022-08-11T15:02:11.408","2","kubernetes-worker2","100.0",""
"2022-08-11T15:02:11.408","2","kubernetes-worker3","100.0",""
"2022-08-11T15:02:11.408","2","kubernetes-control-plane","950.0",""
"2022-08-11T15:02:11.408","2","kubernetes-worker1","100.0",""
"2022-08-11T15:02:11.409","2","kubernetes-worker2","100.0",""
"2022-08-11T15:02:11.409","2","kubernetes-worker3","100.0",""
"2022-08-11T15:02:11.409","2","kubernetes-control-plane","950.0",""
"2022-08-11T15:02:11.410","2","kubernetes-worker1","100.0",""
"2022-08-11T15:02:11.410","2","kubernetes-worker2","100.0",""
"2022-08-11T15:02:11.410","2","kubernetes-worker3","100.0",""
"2022-08-11T15:02:11.411","2","kubernetes-control-plane","950.0",""
"2022-08-11T15:02:11.411","2","kubernetes-worker1","100.0",""
"2022-08-11T15:02:11.411","2","kubernetes-worker2","100.0",""
"2022-08-11T15:02:11.411","2","kubernetes-worker3","100.0",""
"2022-08-11T15:02:11.412","2","kubernetes-control-plane","950.0",""
"2022-08-11T15:02:11.412","2","kubernetes-worker1","100.0",""
"2022-08-11T15:02:11.412","2","kubernetes-worker2","100.0",""
"2022-08-11T15:02:11.412","2","kubernetes-worker3","100.0",""
"2022-08-11T15:02:11.413","2","kubernetes-control-plane","950.0",""
"2022-08-11T15:02:11.413","2","kubernetes-worker1","100.0",""
"2022-08-11T15:02:11.413","2","kubernetes-worker2","100.0",""
"2022-08-11T15:02:11.413","2","kubernetes-worker3","100.0",""
"2022-08-11T15:02:11.414","2","kubernetes-control-plane","950.0",""
"2022-08-11T15:02:11.414","2","kubernetes-worker1","100.0",""
"2022-08-11T15:02:11.414","2","kubernetes-worker2","100.0",""
"2022-08-11T15:02:11.415","2","kubernetes-worker3","100.0",""
"2022-08-11T15:02:11.415","2","kubernetes-control-plane","950.0",""
"2022-08-11T15:02:11.415","2","kubernetes-worker1","100.0",""
"2022-08-11T15:02:11.415","2","kubernetes-worker2","100.0",""
"2022-08-11T15:02:11.416","2","kubernetes-worker3","100.0",""
"2022-08-11T15:02:11.416","2","kubernetes-control-plane","950.0",""
"2022-08-11T15:02:11.416","2","kubernetes-worker1","100.0",""
"2022-08-11T15:02:11.416","2","kubernetes-worker2","100.0",""
"2022-08-11T15:02:11.417","2","kubernetes-worker3","100.0",""
"2022-08-11T15:02:11.417","2","kubernetes-control-plane","950.0",""
"2022-08-11T15:02:11.417","2","kubernetes-worker1","100.0",""
"2022-08-11T15:02:11.418","2","kubernetes-worker2","100.0",""
"2022-08-11T15:02:11.418","2","kubernetes-worker3","100.0",""
"2022-08-11T15:02:11.418","2","kubernetes-control-plane","950.0",""
"2022-08-11T15:02:11.418","2","kubernetes-worker1","100.0",""
"2022-08-11T15:02:11.419","2","kubernetes-worker2","100.0",""
"2022-08-11T15:02:11.419","2","kubernetes-worker3","100.0",""
"2022-08-11T15:02:11.419","2","kubernetes-control-plane","950.0",""
"2022-08-11T15:02:11.419","2","kubernetes-worker1","100.0",""
"2022-08-11T15:02:11.420","2","kubernetes-worker2","100.0",""
"2022-08-11T15:02:11.420","2","kubernetes-worker3","100.0",""
"2022-08-11T15:02:12.421","3","kubernetes-control-plane","950.0",""
"2022-08-11T15:02:12.422","3","kubernetes-worker1","100.0",""
"2022-08-11T15:02:12.422","3","kubernetes-worker2","100.0",""
"2022-08-11T15:02:12.423","3","kubernetes-worker3","100.0",""
"2022-08-11T15:02:14.424","2","kubernetes-control-plane","950.0",""
"2022-08-11T15:02:14.425","2","kubernetes-worker1","100.0",""
"2022-08-11T15:02:14.426","2","kubernetes-worker2","100.0",""
"2022-08-11T15:02:14.427","2","kubernetes-worker3","100.0",""
"2022-08-11T15:02:17.098","3","kubernetes-control-plane","950.0",""
"2022-08-11T15:02:17.099","3","kubernetes-worker1","100.0",""
"2022-08-11T15:02:17.099","3","kubernetes-worker2","100.0",""
"2022-08-11T15:02:18.100","3","kubernetes-worker3","100.0",""
"2022-08-11T15:02:18.101","3","kubernetes-worker3","100.0",""
"2022-08-11T15:02:19.101","2","kubernetes-control-plane","950.0",""
"2022-08-11T15:02:19.102","2","kubernetes-worker1","100.0",""
"2022-08-11T15:02:19.102","2","kubernetes-worker2","100.0",""
"2022-08-11T15:02:19.102","2","kubernetes-worker3","100.0",""
"2022-08-11T15:02:22.130","3","kubernetes-control-plane","950.0",""
"2022-08-11T15:02:23.131","3","kubernetes-worker1","100.0",""
"2022-08-11T15:02:23.132","3","kubernetes-worker2","100.0",""
"2022-08-11T15:02:23.132","3","kubernetes-worker3","100.0",""
"2022-08-11T15:02:23.132","3","kubernetes-worker3","100.0",""
"2022-08-11T15:02:24.133","2","kubernetes-control-plane","950.0",""
"2022-08-11T15:02:24.133","2","kubernetes-worker1","100.0",""
"2022-08-11T15:02:24.133","2","kubernetes-worker2","100.0",""
"2022-08-11T15:02:24.134","2","kubernetes-worker3","100.0",""
